model_id,brand_id,model_name,category,target_gender,material,color,unit_price,season,chestny_znak_code
1,1,01-WZB72-63-036,босоножки,женские,текстиль,серый,9050.00,весна_2026,59684562622097-ZDFKBLCMPI-OYGG-VNYR
2,1,03-ZNZ80-76-526,босоножки,унисекс,текстиль,бежевый,5390.00,весна_2026,14498251982661-1T2TALA753-LC58-DRC1
3,1,15-TDJ36-86-941,босоножки,женские,текстиль,молочный,8890.00,весна_2026,17902783338406-K5BXJ2POP8-MGYN-2JCP
4,1,22-WBN28-73-563,босоножки,женские,текстиль,бежевый,9550.00,весна_2026,31623098964499-Y2LOFN1R4K-Z36U-8UEI
5,1,45-GWL25-72-396,босоножки,женские,эко кожа,черный,6090.00,весна_2026,45123522062980-IYHE7UR23G-DPPQ-0Y9D
6,1,54-NRF27-80-470,босоножки,женские,текстиль,бежевый,5190.00,весна_2026,50555135125058-QSQCQ30O30-UBMC-97C7
7,1,56-WRU24-92-299,босоножки,женские,текстиль,серый,6350.00,весна_2026,77644597255833-1FB8C7X0H3-JUJD-0IB6
8,1,63-GUK46-14-431,босоножки,женские,эко кожа,серый,4750.00,весна_2025,83933751214109-5P8637ZGF9-Q5RD-OQIV
9,1,63-JFG96-61-713,босоножки,женские,текстиль,коричневый,8650.00,весна_2026,96568720322983-XO6QJIUJV6-OH9S-DBDW
10,1,64-SQD00-91-253,босоножки,женские,текстиль,молочный,4600.00,весна_2026,39655786869262-QIN9N6XCJ8-83DH-X8BM
11,1,70-JDX34-27-835,босоножки,женские,нат. кожа,белый,11750.00,весна_2026,21999288407266-O4UDOJEN0J-NWNY-QW7L
12,1,77-RJB63-38-733,босоножки,женские,нат. кожа,серый,6490.00,весна_2025,44214969635024-UXQPHR62GD-SWM3-1YIH
13,1,95-KDI38-46-628,босоножки,унисекс,эко кожа,коричневый,7790.00,весна_2025,96417174956008-8Y1O4IZASN-WYWR-RATA
14,1,97-XFR54-77-541,босоножки,женские,эко кожа,черный,5950.00,весна_2026,16804397510145-3D6357OONN-CILD-ZMFB
15,1,13-MRD99-16-846,ботинки,унисекс,замша,черный,15500.00,весна_2025,72207627809489-B42G05KBKV-7MQX-S6ES
16,1,25-JXN88-27-495,ботинки,унисекс,эко кожа,бежевый,10550.00,весна_2025,82259415355431-ZUI1B0Z3NX-39RB-SV55
17,1,53-PYT09-51-659,ботинки,женские,эко кожа,белый,16890.00,весна_2026,48890607956393-1YBWMLUNJ4-8VFC-X7LX
18,1,57-JXN60-76-360,ботинки,женские,замша,молочный,8650.00,весна_2026,96379402555543-1VSMADO8E7-FLQH-RRPZ
19,1,58-RHA11-23-400,ботинки,женские,замша,коричневый,9250.00,весна_2025,53234586610395-NFVOBBZ2SF-6F7L-OW4V
20,1,85-PVG77-52-995,ботинки,женские,замша,оливковый,13700.00,весна_2025,71813750214104-NVQHW06XKX-B94P-DZP6
21,1,21-IHL71-44-796,кеды,женские,текстиль,черный,4690.00,весна_2026,46706457108641-IXN8BFQNPC-ENLK-8AGS
22,1,22-TRX04-02-501,кеды,унисекс,текстиль,белый,4990.00,весна_2026,65258086319300-4V30T9NT3W-5UZB-IKCI
23,1,40-WTF70-65-173,кеды,женские,ткань,бежевый,8690.00,весна_2026,96112117096455-Y5X9L8LPQW-2VMC-QBNK
24,1,42-NIC65-53-290,кеды,унисекс,канвас,серый,6650.00,весна_2026,29772144152563-O0PQCLPOXK-O8G8-QYNP
25,1,64-RXM25-09-929,кеды,женские,ткань,черный,4450.00,весна_2026,64398133260830-52960361I2-HGJ1-1YED
26,1,87-OBN60-60-444,кеды,женские,текстиль,молочный,5690.00,весна_2026,38411566974853-I7KQ1UYMRL-RMJK-V5US
27,1,01-DHE65-41-316,кроссовки,унисекс,ткань,серый,12390.00,весна_2026,66954134030189-SRYO4RCB1K-JTGQ-01TE
28,1,14-GET75-71-888,кроссовки,женские,ткань,белый,9350.00,весна_2025,50611322279370-XYCELOS6ZL-E6KW-HEF0
29,1,21-LKH29-48-509,кроссовки,женские,ткань,коричневый,8500.00,весна_2026,89981424039274-P89UZFK8UT-0CVS-4F8C
30,1,45-DVO57-15-885,кроссовки,женские,текстиль,белый,10750.00,весна_2026,31929520192660-XVUGW6M7B5-C81J-HUWB
31,1,45-GMS40-24-263,кроссовки,женские,сетчатый текстиль,черный,14790.00,весна_2026,53953432737961-0JV1V93KMK-ZEBB-K7W1
32,1,45-MAI14-38-865,кроссовки,унисекс,текстиль,серый,6990.00,весна_2026,26952045773825-ZGPPOHSWQ4-0ZSU-9RN8
33,1,67-FQG49-80-420,кроссовки,женские,ткань,коричневый,12350.00,весна_2025,76275400895851-EL6246HID2-5OWF-7593
34,1,67-LXO73-31-688,кроссовки,женские,текстиль,черный,6350.00,весна_2026,87286459114553-1P36P6QF5Q-14J1-RIPZ
35,1,77-ZQK93-89-366,кроссовки,унисекс,сетчатый текстиль,бежевый,11900.00,весна_2026,56315572002655-3IMJ70E3P1-5AHD-BVZB
36,1,81-WQR19-21-159,кроссовки,унисекс,сетчатый текстиль,коричневый,5800.00,весна_2026,24164061537278-CD5GLQJ5SX-VWVM-4W3Z
37,1,98-CSE26-68-177,кроссовки,женские,ткань,молочный,6700.00,весна_2026,54839099194262-6T1NTMJSRD-9Q46-NOUH
38,1,13-GVK16-63-077,туфли,женские,замша,черный,9300.00,весна_2025,47684458809668-2O83RLKTE4-261B-W4A7
39,1,16-PSJ52-54-716,туфли,женские,нат. кожа,черный,10100.00,весна_2025,85848483733296-RDDP0NEC8U-YO57-P6BK
40,1,24-IZG81-04-561,туфли,женские,нат. кожа,белый,11690.00,весна_2025,89025456739254-UC8D1WJCIT-FOYQ-BKK4
41,1,34-IWH94-84-709,туфли,женские,нат. кожа,коричневый,8650.00,весна_2026,20900286241942-NV8Z2FLU7U-6N7H-V3IZ
42,1,38-WZD39-23-992,туфли,женские,замша,коричневый,12350.00,весна_2025,64523831555659-QZPKY32ORW-IXZ2-C9RO
43,1,51-MWJ51-22-457,туфли,женские,нат. кожа,белый,7690.00,весна_2026,66566602793116-C08DTNQFLL-7V5F-1BCP
44,1,57-TLF47-62-802,туфли,женские,эко кожа,серый,7050.00,весна_2026,80818276864678-2UTVG9KU8S-63E1-OCJX
45,1,61-WAF18-89-255,туфли,женские,нат. кожа,серый,7290.00,весна_2026,86537760730206-WV8LW2QITN-GVN1-KICJ
46,1,62-DXG56-45-592,туфли,женские,эко кожа,серый,5000.00,весна_2026,72362370499022-755NF4ZW9X-A3KX-7EED
47,1,68-ISH98-54-339,туфли,женские,нат. кожа,коричневый,8550.00,весна_2026,45965413767259-PZE9VIFTTD-96QE-3RZS
48,1,70-OQI17-99-906,туфли,женские,нат. кожа,черный,8290.00,весна_2026,50393719127557-SX5WVFGYW6-ZBNZ-8V12
49,1,73-CAI32-11-454,туфли,унисекс,замша,молочный,5300.00,весна_2026,03053323099951-NEKRCPPRCJ-IWVH-DK8L
50,1,73-YUW82-71-882,туфли,женские,нат. кожа,белый,9700.00,весна_2026,84372013892639-T7E8G8JDP0-LVSN-UJZA
51,1,76-RYL56-98-013,туфли,женские,нат. кожа,черный,6550.00,весна_2026,75216695400432-D84U89YJB1-QX6G-VWRD
52,1,77-FPS92-10-179,туфли,женские,нат. кожа,белый,11250.00,весна_2026,89967522177132-92IRMUQ9E5-COZR-OOUE
53,1,80-DJD24-34-083,туфли,женские,замша,коричневый,10150.00,весна_2025,79085492388577-6RJRNY2047-9T6V-XDP5
54,1,87-MPX02-19-647,туфли,женские,нат. кожа,бежевый,15190.00,весна_2026,21266084565720-MUGYSM8T2S-A5BN-N0MC
55,1,90-VRU91-01-158,туфли,женские,эко кожа,коричневый,6290.00,весна_2026,23345926868703-TCAGRP2U4D-TBH5-5RBC
56,2,004463,босоножки,женские,текстиль,молочный,4400.00,весна_2026,77177195771172-51B3JCZUCQ-MRUN-JDU0
57,2,081560,босоножки,женские,эко кожа,черный,5890.00,весна_2025,23874165392010-J1GNFIUE2W-NF5C-A7ZV
58,2,094123,босоножки,женские,эко кожа,белый,8790.00,весна_2026,50783882733335-XRGN74F9YE-CAZR-P9DX
59,2,193477,босоножки,унисекс,эко кожа,серый,5200.00,весна_2025,14985746914509-4RS7GU0ENV-5SN9-61J8
60,2,279559,босоножки,женские,нат. кожа,молочный,5150.00,весна_2026,44877509845936-OW8DT8CQ1X-GBNG-Z6WM
61,2,392619,босоножки,унисекс,нат. кожа,серый,7490.00,весна_2025,52410298988569-U118QQVAEC-W9YI-L8SA
62,2,459562,босоножки,женские,текстиль,черный,4200.00,весна_2026,03540008640269-RE2Q6JXNNN-GBPJ-4UFZ
63,2,559991,босоножки,женские,эко кожа,бежевый,7090.00,весна_2026,85367970020075-WSOZCTWJLS-H3TO-W4YC
64,2,616027,босоножки,женские,нат. кожа,бежевый,4850.00,весна_2026,17470664930130-L3GYWIYMEN-VG3K-K0VM
65,2,626549,босоножки,женские,эко кожа,молочный,6950.00,весна_2026,60149673021503-1TH1XJG2Y8-RGYB-XKPM
66,2,627467,босоножки,женские,эко кожа,серый,7490.00,весна_2025,89341596420015-R82C06XQ9J-B354-MYPE
67,2,663316,босоножки,женские,текстиль,белый,9250.00,весна_2026,28432674743523-MZ04X0QZFH-OMTZ-ZF8A
68,2,720755,босоножки,женские,текстиль,бежевый,4350.00,весна_2025,45534858154854-1S05WNWLC8-3GY1-FKOL
69,2,791348,босоножки,женские,нат. кожа,серый,10400.00,весна_2026,33709592038130-45L6D10A1W-HHKT-1YJF
70,2,867661,босоножки,женские,нат. кожа,коричневый,6300.00,весна_2026,98084958277235-6VFUA9BQ1B-TR23-QIUA
71,2,898690,босоножки,женские,эко кожа,коричневый,4190.00,весна_2026,81053502772981-GWJEYUB19T-XCYJ-HU8M
72,2,955947,босоножки,унисекс,эко кожа,серый,8300.00,весна_2026,32772453568861-SQG8X80RMH-RCNB-H6NQ
73,2,972042,босоножки,женские,эко кожа,черный,7890.00,весна_2026,38890687152409-ZD76SZN9DD-E3CU-P8IJ
74,2,228693,ботинки,женские,нат. кожа,бежевый,7550.00,весна_2026,66784043417611-32LX2TOOWT-9NM3-V2P2
75,2,329061,ботинки,унисекс,нат. кожа,черный,11000.00,весна_2026,45594171867063-YTK1ZWUHYW-M7S6-NBNQ
76,2,489055,ботинки,женские,нат. кожа,серый,7950.00,весна_2026,65053970183351-VGE2L4ZJD5-N3KS-GNBH
77,2,554510,ботинки,унисекс,эко кожа,бежевый,8890.00,весна_2026,25367205138576-NP9OCIILDY-5EGT-BXPS
78,2,679153,ботинки,женские,нат. кожа,бежевый,7550.00,весна_2026,48400652920546-DSHLV76MF4-NNKM-95D0
79,2,745474,ботинки,женские,нат. кожа,коричневый,13590.00,весна_2026,97209775041098-WKCS4KEK4A-EGVF-Q3JZ
80,2,772143,ботинки,унисекс,замша,коричневый,13200.00,весна_2025,37947389070418-33E1I1P0BQ-1S9R-YLLW
81,2,862708,ботинки,унисекс,замша,бордовый,13000.00,весна_2026,18787527726939-9LTAJW2536-ZX1T-V18K
82,2,947198,ботинки,унисекс,нат. кожа,черный,8950.00,весна_2025,02920517736765-BD4BEPEJZH-YAPD-SWZP
83,2,072146,кеды,женские,ткань,белый,6800.00,весна_2025,90590916808819-B7P0RNPM6J-QFWW-XR5R
84,2,101287,кеды,унисекс,канвас,молочный,3990.00,весна_2026,16303737322848-V7C6S5NKB4-EHOU-6QLZ
85,2,105105,кеды,унисекс,текстиль,бежевый,4100.00,весна_2026,02454782122418-CVBPHVGNQG-MJMB-UKDQ
86,2,115345,кеды,женские,ткань,молочный,6800.00,весна_2026,15237113096645-M2LHGCSOTD-HHLM-H1T9
87,2,181039,кеды,женские,ткань,молочный,5900.00,весна_2025,93786711109666-VIAC2E4QXG-NRFI-O878
88,2,202103,кеды,унисекс,ткань,коричневый,3700.00,весна_2026,79843514866108-KL8CGN0T6D-VWRB-7F6F
89,2,249692,кеды,женские,ткань,молочный,5100.00,весна_2026,49731073309244-7VGRF1HX6Z-DCUJ-Q6FX
90,2,301914,кеды,женские,текстиль,серый,4800.00,весна_2026,97246273671133-01TNZRF5A7-QY8Y-B7W8
91,2,342565,кеды,женские,текстиль,молочный,4790.00,весна_2026,86514689268899-0CHQI014O4-6W4J-KFYI
92,2,488221,кеды,унисекс,ткань,молочный,6390.00,весна_2026,14772640382662-CKT1ELOU83-G47R-RBEF
93,2,523317,кеды,женские,ткань,серый,3790.00,весна_2026,22063414610415-V4ZWL3ZYT9-1QE3-7QQY
94,2,552643,кеды,женские,ткань,молочный,7650.00,весна_2026,23269615208843-FARK6O0U93-MZYW-R7MK
95,2,560127,кеды,женские,текстиль,хакки,7350.00,весна_2026,60603286808623-9DL5TGSQ7A-ITMO-FMMW
96,2,595577,кеды,женские,ткань,молочный,7300.00,весна_2026,56741755655995-94OW3LITNT-0MQ8-ABKA
97,2,609545,кеды,женские,ткань,черный,6500.00,весна_2026,45819018734608-56WAFFTOUH-YLU6-K7P9
98,2,932741,кеды,женские,ткань,белый,7490.00,весна_2025,51039848951955-Q05PXT6RID-LOFA-S1EK
99,2,940200,кеды,женские,канвас,черный,7950.00,весна_2026,39657598642682-BVSIGBIAF9-2MOV-S0CD
100,2,986946,кеды,женские,ткань,бежевый,5590.00,весна_2026,49033676387975-QG4EIJ00HO-D7RB-1S9D
101,2,037921,кроссовки,унисекс,текстиль,черный,11490.00,весна_2026,89070448642644-VA5KW3HGBM-FBUV-LDD9
102,2,046075,кроссовки,женские,текстиль,черный,5190.00,весна_2026,14168876530528-2NV01ZDERI-4K5O-GZ2U
103,2,081948,кроссовки,унисекс,сетчатый текстиль,молочный,4990.00,весна_2026,24612877885135-E45BG34IQ7-ZJ3S-WEBN
104,2,082431,кроссовки,унисекс,ткань,серый,4600.00,весна_2026,98597434720359-G298CQK4LT-AHUK-WQVR
105,2,091011,кроссовки,женские,эко кожа,молочный,10600.00,весна_2025,06346502709698-QXM0632CWT-04CH-SDIN
106,2,142306,кроссовки,женские,эко кожа,серый,4290.00,весна_2025,92407532956617-IRYM81CMFT-DRLU-XM60
107,2,154903,кроссовки,унисекс,текстиль,черный,9090.00,весна_2026,87415306313812-J8MGPP1NOQ-U9Y3-Z2T4
108,2,196074,кроссовки,женские,ткань,коричневый,4450.00,весна_2026,95344269837025-FQYMBNW8BK-XCGW-1VGL
109,2,201436,кроссовки,женские,сетчатый текстиль,черный,5000.00,весна_2026,61589137762363-RQ1RDXCK36-H0W0-64W3
110,2,289481,кроссовки,женские,текстиль,бежевый,8250.00,весна_2026,50248909704945-Z1EGNTB34K-UQAA-J84R
111,2,373573,кроссовки,унисекс,сетчатый текстиль,черный,12890.00,весна_2026,51988951006043-W3MG25CFZF-DSNC-ZXVM
112,2,467295,кроссовки,женские,ткань,бежевый,5900.00,весна_2026,03747353205082-3QMVIFIIT2-018U-9N79
113,2,511797,кроссовки,женские,ткань,оливковый,5190.00,весна_2025,11954327691495-EA7187F8TS-XK68-19Y2
114,2,518471,кроссовки,женские,текстиль,белый,6690.00,весна_2025,79614415724269-2ZEEQNSN2S-8NN1-6UXF
115,2,531876,кроссовки,женские,текстиль,черный,8550.00,весна_2025,23159866240770-6XVAJ2K8XP-NMJQ-Y3OD
116,2,607001,кроссовки,женские,эко кожа,белый,5190.00,весна_2026,20894443310707-B4MSKYVK7N-3BFH-024K
117,2,709984,кроссовки,женские,ткань,молочный,6700.00,весна_2026,34240733675587-SQ3B9SO0US-WBKO-K3QP
118,2,847203,кроссовки,женские,ткань,молочный,7150.00,весна_2026,59695223805559-F8Q8GHGBCY-H3FV-L03D
119,2,859075,кроссовки,унисекс,ткань,серый,8950.00,весна_2026,71155911778882-XURGOWYOO5-YBRJ-NM2L
120,2,868880,кроссовки,унисекс,текстиль,серый,11550.00,весна_2026,52186039662219-6LTHET25LZ-SE99-F77L
121,2,940422,кроссовки,женские,ткань,молочный,8950.00,весна_2025,03453173324279-3YK03O4GKW-WJWG-ABTG
122,2,949983,кроссовки,унисекс,текстиль,бежевый,10800.00,весна_2026,88030660677400-HCVSQAME4Y-RID3-DNKN
123,2,068094,туфли,женские,эко кожа,черный,7550.00,весна_2025,38296941782226-FD7YXW1TBR-WR96-5R96
124,2,073494,туфли,женские,эко кожа,черный,8200.00,весна_2025,92207256077083-KC86Y5O44I-USEX-U1SR
125,2,111129,туфли,женские,нат. кожа,хакки,13000.00,весна_2026,04694470108853-UX2RXTTQU6-L2IN-K4FK
126,2,121106,туфли,женские,нат. кожа,черный,7990.00,весна_2026,70770175012067-27H6GMD478-MFS0-IUDU
127,2,129590,туфли,женские,замша,черный,10790.00,весна_2026,25735491332219-EDE1ZUBLEK-VL9P-TK4G
128,2,132692,туфли,женские,нат. кожа,молочный,5300.00,весна_2026,08371270575542-XLCD81TWHW-HY4H-350P
129,2,146145,туфли,женские,нат. кожа,бежевый,10850.00,весна_2025,00663526930245-WRXZE1HM38-KSZB-FFZZ
130,2,168585,туфли,женские,нат. кожа,пудровый,5300.00,весна_2025,37522769179156-Z1UU7ZY6T5-PADN-BCJ2
131,2,215158,туфли,женские,нат. кожа,бежевый,5500.00,весна_2025,11954968789264-RHOFU1WSGY-7VCN-EAS6
132,2,263531,туфли,женские,замша,молочный,10250.00,весна_2026,12749125875698-ZZ2P6EEAMY-FP9S-8GK0
133,2,306635,туфли,женские,нат. кожа,бежевый,9390.00,весна_2025,61369781312842-PR11V127MY-89SF-QERI
134,2,320637,туфли,унисекс,эко кожа,молочный,4950.00,весна_2026,77513615680014-HKGAD7X48W-ZE4E-X6U8
135,2,328086,туфли,унисекс,замша,коричневый,11000.00,весна_2026,25591031352803-7002G3YU6V-K0UC-C1M3
136,2,376755,туфли,женские,нат. кожа,коричневый,7490.00,весна_2025,96357062363859-BXF445CRI8-BIXO-IQ2Q
137,2,403530,туфли,женские,замша,белый,7790.00,весна_2026,46248612926908-HJKU2W8ZUV-JUTP-MC3S
138,2,404186,туфли,женские,нат. кожа,молочный,11900.00,весна_2025,53428001228072-MU3MOMYVUX-T9KL-S1QC
139,2,641554,туфли,женские,нат. кожа,бежевый,10790.00,весна_2025,31658254539571-RYF0992QC6-DR08-CW2L
140,2,651431,туфли,женские,нат. кожа,бежевый,10250.00,весна_2026,36713886492617-D0IWF3KM2K-QL0H-T1TW
141,2,665597,туфли,женские,замша,коричневый,6790.00,весна_2026,30738878041834-HHCU9TD0V2-ZP4J-UW7W
142,2,675713,туфли,женские,нат. кожа,коричневый,11700.00,весна_2025,56778777385403-QS3QT36QNY-Y95G-5DOG
143,2,711754,туфли,женские,эко кожа,молочный,7350.00,весна_2025,05358490070186-QY5FU7BFXQ-7BZE-GBL2
144,2,784016,туфли,женские,замша,белый,5900.00,весна_2026,33676544245585-A195EQ4PBG-X25F-PLO1
145,2,789660,туфли,женские,нат. кожа,белый,6000.00,весна_2026,53536169975047-FMR0TJOPZ1-RHOU-U9SI
146,2,834291,туфли,женские,нат. кожа,бежевый,6890.00,весна_2025,71143137448083-ZVH4FZ8OBK-3G84-UTDD
147,2,861346,туфли,женские,нат. кожа,белый,11200.00,весна_2025,80814923876716-C7FOV2YGNM-BY49-E7EO
148,2,915064,туфли,женские,нат. кожа,черный,9990.00,весна_2026,76146801753931-JDTVV2Y4XK-SS0K-B68R
149,2,937588,туфли,унисекс,замша,белый,5300.00,весна_2026,25163685395384-RVSFFCXHGN-ZEI3-ZRRH
150,2,979619,туфли,женские,эко кожа,черный,5990.00,весна_2026,69725136179939-8BV78HU7F0-I9G5-DZX5
151,3,01-EVS10-41-288,босоножки,женские,эко кожа,пудровый,4050.00,весна_2026,50714197440422-3OMD4PORU0-9BOS-0765
152,3,05-BZM00-39-795,босоножки,женские,нат. кожа,черный,5150.00,весна_2026,33316385570748-BFYCW8IHYF-Z9S9-VS1Q
153,3,11-BDW87-92-867,босоножки,унисекс,нат. кожа,серый,10250.00,весна_2026,23839718670120-JZP97BMZRR-45ED-5GGS
154,3,26-YXF30-60-407,босоножки,женские,нат. кожа,белый,5790.00,весна_2025,98249885205404-E97N6Y2C2B-VPDC-B4OW
155,3,28-XEA34-43-307,босоножки,женские,текстиль,молочный,7050.00,весна_2025,29750378093654-R6H2HXN4D2-4N9Y-GCMR
156,3,29-ATE92-40-329,босоножки,женские,текстиль,молочный,7390.00,весна_2025,13913047462630-WQ8962E52K-20TV-DJI1
157,3,47-GRV71-41-898,босоножки,женские,нат. кожа,коричневый,4550.00,весна_2025,29966991714420-N8EZP7QYEZ-G52K-RE4V
158,3,60-MXR48-77-576,босоножки,женские,нат. кожа,молочный,5300.00,весна_2025,00866388317604-7QHAK7MDWK-ZIRN-K6ZH
159,3,61-LMN97-12-929,босоножки,унисекс,нат. кожа,коричневый,7350.00,весна_2025,09184550455362-AUVA7SSZJ4-KJEI-TKX7
160,3,66-WEH32-35-461,босоножки,женские,эко кожа,бежевый,5450.00,весна_2026,07059050697943-PN6937XNCM-LDQZ-05EV
161,3,72-LRW56-06-936,босоножки,женские,текстиль,коричневый,4990.00,весна_2026,89762477399466-DNVZ552ZBR-D399-Q68R
162,3,73-VTU79-21-224,босоножки,унисекс,эко кожа,серый,4700.00,весна_2026,80561542271433-X6B02B7YJN-XZ6Y-TIPA
163,3,79-CBA21-33-862,босоножки,женские,текстиль,молочный,5200.00,весна_2026,79977902874456-QS1FOI0RS2-10Q2-LG1Z
164,3,96-FJD60-23-940,босоножки,женские,нат. кожа,коричневый,6600.00,весна_2026,24650796136864-F9PAVCEDTC-XNMJ-5IAN
165,3,01-WHT46-32-477,ботинки,унисекс,нат. кожа,бежевый,16590.00,весна_2026,62550199579533-8CNRL8XKGY-G3VA-H6NH
166,3,09-OHE71-96-091,ботинки,женские,нат. кожа,бежевый,12750.00,весна_2026,72018298025255-8JLTCBW6AT-VD1X-EUQ4
167,3,25-GOA05-18-402,ботинки,унисекс,замша,бежевый,14500.00,весна_2026,23329667949292-CMM7DBFPMG-P6YW-K5JR
168,3,43-AIX39-14-739,ботинки,унисекс,нат. кожа,серый,9500.00,весна_2026,28386153274294-3VILURQBDX-7M42-O34O
169,3,46-QYF00-20-126,ботинки,женские,нат. кожа,бежевый,10290.00,весна_2025,73178227325705-ZRK6ILCG6F-ARMG-JCY4
170,3,51-FOY12-31-433,ботинки,женские,нат. кожа,коричневый,11750.00,весна_2026,40863023591598-G8V9ZY9YLW-5L4R-MVVN
171,3,64-MLQ16-60-551,ботинки,женские,нат. кожа,серый,7290.00,весна_2026,07589153461101-VSXMVTFQVK-8SXF-I3UB
172,3,80-ZZF16-69-398,ботинки,женские,замша,черный,14850.00,весна_2025,21829603722068-7U0Y8JWVHP-LHW4-OQ0P
173,3,81-ACH53-07-613,ботинки,женские,замша,бежевый,7150.00,весна_2026,20626886783300-117NIDP9MG-YH52-3GGO
174,3,05-SMY99-34-654,кеды,женские,канвас,черный,4100.00,весна_2025,09351429754666-70IB3WYZXJ-QYJV-84A1
175,3,12-NEF76-61-571,кеды,женские,канвас,молочный,6650.00,весна_2026,98872809666804-YX4L4OESRS-BZB7-TLOM
176,3,19-SCZ09-33-276,кеды,женские,канвас,черный,6500.00,весна_2026,96696473259039-00X28PIJKE-MVG7-UELN
177,3,24-PWY53-18-412,кеды,женские,текстиль,белый,8590.00,весна_2026,23130672532022-HUZ83YUXYP-3HBR-BJEQ
178,3,30-MEZ36-88-824,кеды,женские,ткань,черный,6490.00,весна_2026,20639995898800-QKDM0OAPHT-6O6A-1JQN
179,3,45-PSU17-98-151,кеды,женские,ткань,серый,7190.00,весна_2026,58112158095354-8AK8S2XQUZ-S9MT-HD3I
180,3,51-GYY50-89-661,кеды,унисекс,ткань,черный,6650.00,весна_2026,09226982821500-Z3095HS258-W9ZJ-XLH8
181,3,51-KLU79-16-510,кеды,женские,текстиль,коричневый,4600.00,весна_2025,83822612788035-YJ4UWHK8C3-FZ47-I071
182,3,65-NTF38-01-061,кеды,женские,ткань,белый,8200.00,весна_2026,21076484992187-8D2VFHZPQV-JLDN-HM63
183,3,69-WZU16-64-479,кеды,унисекс,ткань,коричневый,6690.00,весна_2026,04502424314199-O3Z0ANIK5J-42OI-6OAF
184,3,71-NWP80-35-220,кеды,унисекс,ткань,пудровый,5900.00,весна_2026,03718675845267-XFUJ7XN1YP-QPMQ-K8SZ
185,3,76-NMM33-67-424,кеды,женские,текстиль,серый,4050.00,весна_2026,95022833859351-DQMVQWPQO2-LNGI-XMC4
186,3,81-LVE34-38-110,кеды,унисекс,ткань,черный,7090.00,весна_2026,37911462457737-5S74NDDAFS-1IYM-90PK
187,3,03-WWV21-89-928,кроссовки,женские,эко кожа,черный,12000.00,весна_2025,01973093760880-NCCU3FG00Z-KOM2-ZKF5
188,3,08-XAR37-19-328,кроссовки,женские,ткань,черный,11400.00,весна_2025,69998801971335-9IBWGT2LB2-5485-HCQX
189,3,13-LYL72-53-292,кроссовки,унисекс,сетчатый текстиль,черный,12390.00,весна_2026,03974038960646-ONBNPJDN2M-IFDH-A6GH
190,3,17-HTR14-48-361,кроссовки,женские,ткань,белый,5600.00,весна_2026,68548454786440-MQIYFRWSKP-6RFE-64SK
191,3,22-ATK21-12-084,кроссовки,женские,ткань,бежевый,4050.00,весна_2025,42810849219457-8P6U3U6H0U-FX30-30A6
192,3,27-CYB36-82-114,кроссовки,унисекс,ткань,молочный,5700.00,весна_2025,18789441556937-IJKCU5X0HC-8CAH-3GDH
193,3,31-VXA04-61-223,кроссовки,женские,текстиль,бордовый,8150.00,весна_2026,30821656794481-DV283BDW56-FKPS-0DXM
194,3,43-RSC60-81-856,кроссовки,унисекс,сетчатый текстиль,серый,10890.00,весна_2026,07994713757412-BAWYQMOGBJ-ZEYQ-QCXZ
195,3,44-VEO91-23-886,кроссовки,унисекс,сетчатый текстиль,бежевый,9100.00,весна_2026,11446471700310-37E1J7V2A2-T34D-F163
196,3,44-WZB90-76-511,кроссовки,унисекс,ткань,белый,11690.00,весна_2026,35828634581119-OPOCMVH0EQ-T8FH-U91C
197,3,52-UUU62-96-651,кроссовки,женские,ткань,коричневый,6500.00,весна_2026,45128043834009-CYNL63GAGU-VB99-RWTF
198,3,60-HUV60-20-502,кроссовки,унисекс,сетчатый текстиль,черный,4850.00,весна_2026,98096914665101-3APTM9X798-YBQG-716G
199,3,64-KDH26-93-640,кроссовки,унисекс,эко кожа,бордовый,11690.00,весна_2026,13667772003299-78V0BJWKON-8UUJ-S75E
200,3,65-ZQK02-46-963,кроссовки,унисекс,ткань,белый,7290.00,весна_2025,67678626310465-AUUJ02GRXP-UDC6-2G3A
201,3,67-EHC27-64-471,кроссовки,унисекс,текстиль,бежевый,11600.00,весна_2026,76186114211018-NSZ9HPCPBD-N7ZI-6GAX
202,3,69-BSR29-69-590,кроссовки,женские,сетчатый текстиль,коричневый,7550.00,весна_2026,07387844120530-ZQ991P778R-NKOW-YPSW
203,3,74-ZUZ58-65-532,кроссовки,унисекс,текстиль,коричневый,7390.00,весна_2026,77675235830780-C5RQNSVSOJ-RPP7-R93F
204,3,91-EOU25-44-114,кроссовки,женские,текстиль,молочный,9200.00,весна_2026,63592849334464-F8R1PC6KTT-GNLK-URLZ
205,3,97-AVM21-27-462,кроссовки,унисекс,эко кожа,черный,5350.00,весна_2026,75714989569477-SCMO1POB7F-U992-59P5
206,3,05-OGQ81-66-441,туфли,унисекс,эко кожа,белый,11590.00,весна_2026,74455698748734-7XMR8FHYDR-GFR2-7RIU
207,3,06-QKX30-64-201,туфли,женские,нат. кожа,молочный,8750.00,весна_2025,06736609579575-AXT8JH34UD-TLVR-7MGA
208,3,08-GFX96-87-408,туфли,женские,эко кожа,бордовый,9850.00,весна_2025,89448788865368-0QABXW2EOW-LCFS-8314
209,3,17-WDF47-93-964,туфли,женские,нат. кожа,молочный,10050.00,весна_2026,15013934715088-H3REM5PUU6-2RZV-1SQQ
210,3,19-KNA48-14-902,туфли,женские,замша,бежевый,12850.00,весна_2025,94513399508085-5ZXQOMTS1E-GPGV-TN4Y
211,3,20-AUO04-19-055,туфли,женские,нат. кожа,серый,13050.00,весна_2025,30484333074029-RX647DI3E9-50ID-033T
212,3,26-LGM31-66-713,туфли,женские,нат. кожа,коричневый,8450.00,весна_2026,87562250166098-3GQD7WKR1T-FEPZ-614U
213,3,53-YZG91-68-851,туфли,унисекс,замша,серый,8590.00,весна_2026,69195408567862-T8HDPWVBZ7-CN0E-QWMI
214,3,55-KMS83-57-074,туфли,женские,нат. кожа,белый,13800.00,весна_2026,78047377483982-C9JYPAOAXQ-OX00-K3WY
215,3,59-GQX37-76-032,туфли,женские,нат. кожа,черный,8690.00,весна_2026,12095973267596-KA4LIT6XIY-ZVNL-PA5C
216,3,77-WZU11-47-981,туфли,женские,эко кожа,коричневый,4390.00,весна_2025,47131734496619-7NTTRTIDZS-13HD-NH4N
217,3,79-AHN97-42-576,туфли,женские,нат. кожа,коричневый,12390.00,весна_2025,68741303771920-TS1FB2VI10-9DCN-WMBX
218,3,79-CXW14-65-585,туфли,женские,замша,бежевый,8050.00,весна_2025,77981578227601-RD1PPKPGGE-RSDU-HH03
219,3,87-ILE59-23-985,туфли,женские,эко кожа,серый,6190.00,весна_2026,71213861872810-XQJ7DPFSSB-JDX0-PKOV
220,3,97-IRS95-35-964,туфли,женские,эко кожа,черный,7490.00,весна_2026,14702022627937-HG9NCBEKGV-1BBH-G5ZM
221,4,055592,босоножки,женские,нат. кожа,бежевый,5050.00,весна_2026,37909874283312-RIG7JVDIKD-TSGV-B6TH
222,4,084006,босоножки,унисекс,текстиль,бежевый,9590.00,весна_2025,22577083435624-3KMSX54RJS-XFOH-9MBU
223,4,259725,босоножки,унисекс,эко кожа,черный,7050.00,весна_2026,51263321206654-GB205HU03Y-53MB-WU5J
224,4,579325,босоножки,унисекс,нат. кожа,серый,9900.00,весна_2026,40378658813819-7LK6HQIV92-9SEV-L7FQ
225,4,631884,босоножки,женские,текстиль,серый,9750.00,весна_2026,19226508202218-SL1YA1RYZT-BVHU-AZUN
226,4,818740,босоножки,унисекс,эко кожа,черный,7600.00,весна_2026,61807689363951-JPKHF33GUW-YH36-MOTC
227,4,842224,босоножки,унисекс,эко кожа,белый,6450.00,весна_2025,76557122332916-RPK0ZFKNWB-HKVJ-Z09O
228,4,864585,босоножки,женские,текстиль,серый,8100.00,весна_2026,60241237456039-EK6X6LGOI7-OFVW-J7YZ
229,4,937841,босоножки,женские,эко кожа,коричневый,5800.00,весна_2026,01830220268343-QYZ6Y3Z1DE-1E16-30PO
230,4,937930,босоножки,унисекс,эко кожа,белый,8350.00,весна_2025,63943138181194-UWZK4IE86D-B5RR-1V9N
231,4,947326,босоножки,женские,текстиль,бежевый,7090.00,весна_2026,68434353795361-M7VH30QBKE-RN6Y-JMK3
232,4,017879,ботинки,женские,нат. кожа,бежевый,10950.00,весна_2026,63623074524298-RVUV5YBD4X-DD8I-UZV3
233,4,130378,ботинки,женские,нат. кожа,молочный,19450.00,весна_2026,41429637506903-G8TANA6U48-GWGH-M56V
234,4,146701,ботинки,унисекс,нат. кожа,серый,11790.00,весна_2025,31646217409932-9N6EQV5Y21-ID9V-VN5X
235,4,189251,ботинки,женские,нат. кожа,белый,13590.00,весна_2026,97543867765945-BWRP8GUUCM-5FYC-ZU80
236,4,209312,ботинки,женские,замша,бежевый,8150.00,весна_2026,65998193359215-Z4E2U2MDA7-FYSK-UFRC
237,4,287995,ботинки,женские,нат. кожа,белый,15790.00,весна_2026,32927666665524-1K7F5OA31X-YDUP-PGBI
238,4,412817,ботинки,унисекс,замша,серый,13800.00,весна_2025,82641509712359-M87MHXOFKC-GGXP-5CIT
239,4,435658,ботинки,женские,замша,серый,14500.00,весна_2025,61786793772323-H8JV7FXP32-3C9N-U985
240,4,436193,ботинки,унисекс,нат. кожа,белый,6700.00,весна_2026,41084543823363-8516SP18OB-S758-7H91
241,4,522766,ботинки,женские,замша,белый,18250.00,весна_2026,26406501809502-VUQT2LWHED-HTHR-UU5E
242,4,567924,ботинки,женские,замша,молочный,12400.00,весна_2026,26342625365617-GA6SRG1YD5-MY3G-DILK
243,4,589339,ботинки,женские,нат. кожа,коричневый,14390.00,весна_2025,04667284343110-GLSXKUGWCD-Z6X4-FMME
244,4,594209,ботинки,женские,замша,молочный,14300.00,весна_2026,43544372076275-C1FRF899OF-PVIM-I8FO
245,4,805770,ботинки,женские,эко кожа,молочный,8650.00,весна_2026,75905388747340-8UNPIOKKZS-N908-1ZQU
246,4,914985,ботинки,унисекс,замша,белый,9250.00,весна_2026,16634916367478-HHE7ICDO5D-IGXL-9YSU
247,4,957338,ботинки,женские,нат. кожа,серый,14490.00,весна_2026,33457216483794-5QF0N852N5-FNP3-6F8H
248,4,033447,кеды,женские,текстиль,бежевый,8090.00,весна_2026,26620896532932-LYBWGMP9A9-URI7-EV4D
249,4,230005,кеды,женские,ткань,серый,3750.00,весна_2025,11585461068489-FLGUQ2086O-KWOA-LF4V
250,4,245364,кеды,женские,ткань,молочный,6550.00,весна_2026,68083527387265-32D1JQBEXG-FVNN-VBZW
251,4,263841,кеды,женские,текстиль,белый,7850.00,весна_2026,23965869517717-K2P3AJFAX1-CQ6F-WTV1
252,4,285117,кеды,женские,текстиль,черный,6200.00,весна_2026,18723824622320-6YKFCR6C1P-Y6Q9-YL16
253,4,607807,кеды,женские,ткань,коричневый,6700.00,весна_2025,97565311582893-H07BA7DORF-KI1I-JE2X
254,4,638760,кеды,женские,ткань,белый,8590.00,весна_2026,25135146362751-O2HOQ5E7L7-W05Y-2DA5
255,4,806957,кеды,женские,ткань,серый,4400.00,весна_2026,57621726434434-NR2KYB3GD6-0UGL-BB8N
256,4,864179,кеды,унисекс,ткань,коричневый,4490.00,весна_2025,08118380546351-UNNRLST548-84Z4-UR2Y
257,4,008178,кроссовки,женские,ткань,серый,9000.00,весна_2025,14806005916088-LZ6V7S7O4Y-C3S0-DPJH
258,4,010685,кроссовки,унисекс,текстиль,серый,10290.00,весна_2026,07072268376304-SILN3OX5FL-2MOX-Q9WF
259,4,068575,кроссовки,унисекс,ткань,черный,8490.00,весна_2025,53280739009255-TP04SBRSPJ-4KII-1NQ0
260,4,214188,кроссовки,унисекс,текстиль,бежевый,12300.00,весна_2026,21644846319761-SRHR8WMLWW-VTMN-YEUR
261,4,296996,кроссовки,женские,ткань,коричневый,7550.00,весна_2026,94237699759768-IU6L5NFLTQ-680C-OG1Z
262,4,303653,кроссовки,унисекс,текстиль,черный,7450.00,весна_2026,07200764296288-0SQCNF9W5N-9C70-PA8J
263,4,329417,кроссовки,женские,эко кожа,черный,5650.00,весна_2026,80565633494907-DF62UNW65B-4EYQ-1S4D
264,4,371714,кроссовки,женские,ткань,молочный,7300.00,весна_2025,90418475324296-SWNXFSHWZS-JQ77-Z4ES
265,4,404633,кроссовки,унисекс,эко кожа,серый,7400.00,весна_2026,03166919916277-M9RWV9NJS9-6ALG-XZJ9
266,4,461101,кроссовки,женские,текстиль,серый,6890.00,весна_2026,72562421532374-3FKEOUBXXQ-6MF5-QAFS
267,4,655539,кроссовки,женские,сетчатый текстиль,черный,5250.00,весна_2026,68443602216711-RUWA03260N-BW8S-J84T
268,4,692631,кроссовки,унисекс,ткань,бежевый,12000.00,весна_2025,31163545472298-NL03LLU1A7-BOXF-QJ3H
269,4,693282,кроссовки,унисекс,сетчатый текстиль,молочный,13050.00,весна_2026,19026284812984-PU9GGSOU6N-J2N2-PN7I
270,4,804357,кроссовки,женские,сетчатый текстиль,коричневый,4950.00,весна_2026,76420179599739-ZI9VCCMTPK-Q5C9-035V
271,4,906456,кроссовки,унисекс,эко кожа,черный,4790.00,весна_2026,19311235871265-CX67XKWQ0Y-WM9Q-7FTM
272,4,966308,кроссовки,унисекс,сетчатый текстиль,коричневый,8390.00,весна_2025,90531436233594-ZEMJGKCQY2-656A-E1IG
273,4,975965,кроссовки,женские,текстиль,белый,5150.00,весна_2026,76052926150312-AH2XJQ2WDI-ZHW0-VQPV
274,4,019717,туфли,унисекс,нат. кожа,серый,10800.00,весна_2026,14673197321408-O4M84P4K9D-XOQ8-JXLF
275,4,032371,туфли,женские,эко кожа,коричневый,10790.00,весна_2025,57968209977099-VWCT8JBBSX-PK48-AB13
276,4,068980,туфли,женские,замша,хакки,12390.00,весна_2026,42717650472387-NZSXPEFJ31-EGOM-62HD
277,4,116708,туфли,женские,эко кожа,серый,10300.00,весна_2026,86341199781811-RLW6JL2L5B-56BN-VSFA
278,4,139621,туфли,женские,нат. кожа,белый,9800.00,весна_2026,87218987005214-JNVWRXGKIK-R2OM-RDE5
279,4,199830,туфли,женские,эко кожа,молочный,9790.00,весна_2026,81475248394474-NNLO0HHGH5-XW6T-1OXH
280,4,274119,туфли,женские,замша,коричневый,6750.00,весна_2026,18533756633802-UU5CZECCFS-7I19-MO1R
281,4,281403,туфли,женские,нат. кожа,бежевый,10800.00,весна_2026,80187595971749-KB7IYNO667-VGP5-2F1J
282,4,295758,туфли,унисекс,замша,белый,5850.00,весна_2025,21784428971307-0LSJWS1ZL7-P72L-4X5B
283,4,302430,туфли,унисекс,замша,молочный,10200.00,весна_2025,76702174268339-ARYEAVEDHR-3PCE-O934
284,4,303423,туфли,женские,нат. кожа,коричневый,6490.00,весна_2025,65607997382720-0W52713T87-K9TP-Z1J8
285,4,303467,туфли,женские,замша,бежевый,11190.00,весна_2025,25993170450303-J7VBJRBZJW-8357-9WRR
286,4,356389,туфли,женские,нат. кожа,черный,8750.00,весна_2025,01842164752723-MFLUOAY12T-LXLZ-S49C
287,4,405098,туфли,женские,эко кожа,белый,9250.00,весна_2026,17134599918851-Y1H0S2UTBT-TY9G-FYW4
288,4,410931,туфли,женские,нат. кожа,белый,11450.00,весна_2026,65304135269288-VLWOJTXCF0-KJD2-V1L1
289,4,465909,туфли,женские,замша,черный,7250.00,весна_2026,30111071354368-UQHWTEK17M-6J3R-TXYM
290,4,473927,туфли,женские,замша,серый,4900.00,весна_2025,97265265097622-E9I0HN3F9Z-XQER-BKN3
291,4,553416,туфли,женские,нат. кожа,белый,11900.00,весна_2026,22383617099967-P1Z00V3SFA-VYQL-G0K1
292,4,604331,туфли,женские,эко кожа,бежевый,9490.00,весна_2026,75116933920047-3TB25ICCPK-LV69-EOXX
293,4,628987,туфли,женские,нат. кожа,серый,9350.00,весна_2025,51131590130896-HF9I71A57E-8A54-HBPH
294,4,644803,туфли,женские,нат. кожа,белый,11950.00,весна_2026,87492163240483-YM8J2LZW1F-U5X0-12GR
295,4,648543,туфли,женские,эко кожа,молочный,6690.00,весна_2026,65104300721263-I77JZC58CU-47SO-CZDQ
296,4,752673,туфли,женские,замша,бежевый,9390.00,весна_2026,38679611243642-N3B8PFY4QC-YD52-ALUN
297,4,780088,туфли,женские,эко кожа,серый,7000.00,весна_2026,61684871171700-8A2IBCLTRH-9VGK-Y5CG
298,4,780233,туфли,женские,нат. кожа,черный,11790.00,весна_2026,56541071597723-C0I4X6G1EB-ZGFL-IG5G
299,4,783359,туфли,женские,эко кожа,черный,4950.00,весна_2025,66445815745122-LCP9UW165A-EJT7-0EBP
300,4,799245,туфли,женские,нат. кожа,бежевый,14050.00,весна_2026,63589156306731-9WT00IV1GG-XRED-8U8N
301,4,875846,туфли,женские,замша,бежевый,12790.00,весна_2026,98719916510116-MQX327YCIF-8R2B-C9R4
302,4,926297,туфли,женские,эко кожа,черный,6700.00,весна_2026,25022267036884-AABMWUOUC6-T8PJ-2JRI
303,4,936143,туфли,женские,нат. кожа,коричневый,14650.00,весна_2026,16774844225870-1JLOPO6J0M-3LOU-FHW8
304,4,955116,туфли,женские,нат. кожа,черный,11750.00,весна_2026,54817690849617-SXJZVUV3CB-0IXR-YLI1
305,4,969408,туфли,женские,эко кожа,коричневый,11400.00,весна_2026,38172060716011-2CTG08ZZKK-4J1O-5HD4
306,1,23-ONO41-65-381,ботинки,мужские,эко кожа,черный,6450.00,весна_2026,55356254302297-XXLGBCUU85-O3DZ-SI4L
307,1,27-SLD21-64-590,ботинки,мужские,нат. кожа,молочный,15850.00,весна_2025,19865202784336-KP57MXQEII-VE67-9DVS
308,1,41-KVC96-32-755,ботинки,мужские,нат. кожа,бежевый,10100.00,весна_2025,02058502407690-33WUW3M7B5-HU79-A8PY
309,1,79-JMC17-49-341,ботинки,мужские,эко кожа,серый,16190.00,весна_2025,18076582945493-R40BUCS9QT-P8RN-F6U6
310,1,19-JFO14-76-502,кеды,мужские,ткань,молочный,5500.00,весна_2026,52087618490130-TXTQHZJLPO-O8SM-0HOP
311,1,54-FSO74-32-654,кеды,мужские,ткань,коричневый,5650.00,весна_2026,50557427673447-VDQ63LL8J8-EL86-43G8
312,1,58-AVS75-44-386,кеды,унисекс,текстиль,коричневый,8790.00,весна_2026,18755584409921-5I2GHQN20T-OUSP-JYJH
313,1,77-DMK52-96-372,кеды,мужские,текстиль,молочный,9050.00,весна_2026,91341407355109-CVMOBDTUIB-6W0U-9VKM
314,1,79-GVL73-88-276,кеды,унисекс,ткань,серый,8200.00,весна_2026,34141937994690-5TKT7L5MMP-XRPD-JTMU
315,1,15-VKZ16-83-150,кросовки,унисекс,текстиль,коричневый,5700.00,весна_2026,08965547593831-01Q48NKK65-YN7S-VAX0
316,1,17-KTP07-01-186,кросовки,мужские,текстиль,серый,7890.00,весна_2025,82385869906875-O7UFIIZIA9-W9RC-RS5V
317,1,29-HKH11-14-817,кросовки,унисекс,текстиль,молочный,4790.00,весна_2026,01267084281795-JP585SDWKR-IQL0-2UCC
318,1,06-QOS64-72-769,мокасины,унисекс,нат. кожа,черный,11490.00,весна_2025,35039089917672-EZTCTKX6DJ-MWD7-T9TX
319,1,11-YBW14-31-878,мокасины,унисекс,нат. кожа,белый,6700.00,весна_2025,29873326875631-0W405DYECQ-4OZN-ZDQE
320,1,43-SPV64-88-726,мокасины,мужские,нат. кожа,молочный,6600.00,весна_2025,06919023543422-NK303KHXAI-6H7X-52JK
321,1,51-LSL23-87-233,мокасины,мужские,нат. кожа,белый,9550.00,весна_2026,39218225112465-4UDM91E7KD-TB1A-FY64
322,1,78-KGP72-86-238,мокасины,мужские,нат. кожа,бежевый,12590.00,весна_2026,71551563913925-M3X0ZFS8G2-SRRA-FIH6
323,1,55-AXA11-53-696,топсайдеры,мужские,нат. кожа,молочный,6900.00,весна_2026,85546148214662-2O8FE6K221-4DPI-QVTD
324,2,103180,ботинки,унисекс,нат. кожа,молочный,9150.00,весна_2026,93918918346844-SVGNOXISCP-FAV4-FQUU
325,2,143471,ботинки,мужские,нат. кожа,серый,7790.00,весна_2026,88454239262942-FYHHLDUF5P-60O9-945Q
326,2,269849,ботинки,мужские,замша,коричневый,12150.00,весна_2026,64303827025460-XTL8DRDFB4-BDMA-9ADC
327,2,293291,ботинки,унисекс,нат. кожа,бежевый,17790.00,весна_2026,14997064641926-8N8RUX1G5L-VGH9-IBTQ
328,2,299431,ботинки,мужские,нат. кожа,серый,17200.00,весна_2026,66168155744622-XZF5M133PJ-X4N1-YLUB
329,2,351589,ботинки,мужские,нат. кожа,молочный,15990.00,весна_2026,96246718712100-BMG060W7O7-GEMI-NIFM
330,2,397622,ботинки,мужские,нат. кожа,коричневый,16500.00,весна_2026,56222631910380-DOLZYUO1TI-YEVJ-ZC9B
331,2,410594,ботинки,мужские,нат. кожа,белый,10350.00,весна_2025,50890435961224-WN81YO4NE7-RZAR-N734
332,2,457691,ботинки,мужские,нат. кожа,молочный,12850.00,весна_2026,26168255664826-3OV1J9QRDI-UYEJ-6B0D
333,2,587664,ботинки,мужские,замша,серый,6890.00,весна_2026,43572072527022-5XG969LN8M-AM90-F9J8
334,2,598318,ботинки,мужские,нат. кожа,молочный,15300.00,весна_2026,95614722236641-NLFY88N57Y-MCJN-7F7X
335,2,613104,ботинки,мужские,замша,коричневый,12850.00,весна_2025,26704158280951-QOUT5ZJ7L0-80Z6-MQ7Z
336,2,711197,ботинки,мужские,эко кожа,бежевый,14850.00,весна_2025,65729366019804-1GBIT708YZ-OVSO-VONH
337,2,715786,ботинки,мужские,замша,молочный,17550.00,весна_2026,20626698759266-XV70Z62L62-PUTM-I28E
338,2,752381,ботинки,мужские,нат. кожа,белый,15590.00,весна_2026,83530174234224-LDSGJJ7JP2-RAFV-FIOI
339,2,802406,ботинки,мужские,эко кожа,коричневый,13890.00,весна_2026,82606380548179-J77IEQNKDG-4D30-LX3Q
340,2,846109,ботинки,мужские,нат. кожа,серый,11750.00,весна_2026,67441297243708-TD3SHXNMKM-05J1-3KNU
341,2,011194,кеды,мужские,канвас,коричневый,6900.00,весна_2026,20105605630486-LI11YRLSCM-NZMT-7UUX
342,2,414321,кеды,мужские,текстиль,бежевый,6400.00,весна_2025,36046844168474-MLHV316RY3-MLSD-AY9L
343,2,417623,кеды,мужские,ткань,белый,7700.00,весна_2026,73958099296676-A495OZK7ND-0SHD-CI4A
344,2,459841,кеды,унисекс,текстиль,коричневый,4050.00,весна_2026,67956063987999-86S0X8NWTH-GZ5J-T43E
345,2,730132,кеды,мужские,канвас,коричневый,4450.00,весна_2026,78350832908665-BH0C70LE2Q-DECH-AXB0
346,2,820259,кеды,унисекс,текстиль,коричневый,6390.00,весна_2026,07793311784697-ADGCUDYX0P-HFMI-TQX2
347,2,941774,кеды,мужские,текстиль,серый,5650.00,весна_2026,25875517272621-ACW1X24VXX-KFH5-UG5T
348,2,989046,кеды,унисекс,ткань,белый,6290.00,весна_2026,45656152078656-IB3MEK0AIX-YKEC-2VMK
349,2,073151,кросовки,мужские,ткань,молочный,6450.00,весна_2026,83328198421774-VVQO0LGX42-3XLF-RUEQ
350,2,080890,кросовки,мужские,сетчатый текстиль,молочный,5100.00,весна_2025,48619385398149-TPAVS3432G-NXR4-WCIA
351,2,140842,кросовки,унисекс,сетчатый текстиль,белый,10600.00,весна_2026,04751418350962-EZNS2ESM07-HMX9-ZOQJ
352,2,282470,кросовки,унисекс,текстиль,черный,6290.00,весна_2026,07793774219490-1XAH40J2B6-7184-T2FC
353,2,386237,кросовки,мужские,сетчатый текстиль,бежевый,12090.00,весна_2026,64710679573966-NW3T1S2KCH-SBFF-M0FI
354,2,412076,кросовки,мужские,ткань,бежевый,11390.00,весна_2026,18251360741682-LKF0XQ08U8-KO32-E8BW
355,2,418411,кросовки,унисекс,ткань,серый,11800.00,весна_2026,84624319255688-9CSN4A51FE-1D2C-MR1X
356,2,430865,кросовки,мужские,текстиль,черный,8850.00,весна_2025,29891739251523-GG13L9YY93-0VBO-ETM2
357,2,485133,кросовки,унисекс,эко кожа,черный,9200.00,весна_2026,49719747775062-E94NM6VDKA-S8Q3-ZF04
358,2,487387,кросовки,унисекс,сетчатый текстиль,белый,9800.00,весна_2026,77025297797490-XTLCNH3AFW-C759-L0EZ
359,2,547937,кросовки,мужские,текстиль,бежевый,8000.00,весна_2025,35449813199682-0QW61JJKBX-C7UC-9GSS
360,2,811798,кросовки,мужские,текстиль,серый,4350.00,весна_2026,39122626615282-OCKVG2OQH7-48CC-S76O
361,2,106846,мокасины,мужские,нат. кожа,черный,7350.00,весна_2026,12629374369482-FSS6XSTENZ-ZXEU-OQVH
362,2,334227,мокасины,унисекс,замша,белый,5700.00,весна_2026,85384794254913-IN2TH5EXYT-5KXI-P7I4
363,2,458995,мокасины,мужские,замша,коричневый,6250.00,весна_2025,24130539143520-K2JBJ19A5A-5OVD-Z35J
364,2,518924,мокасины,унисекс,текстиль,бежевый,8350.00,весна_2025,78410926567559-YCABSWG9WL-7EOY-Y5Y6
365,2,567050,мокасины,мужские,текстиль,молочный,5000.00,весна_2026,65507164848513-U4S1ON59PF-SNHD-YUHD
366,2,798032,мокасины,мужские,замша,серый,10290.00,весна_2025,84717115386019-8OOADFWDJW-FWQC-VB8P
367,2,931520,мокасины,мужские,замша,серый,10050.00,весна_2026,52423369283857-NLQQ953601-KYVQ-AW0E
368,2,032757,получапоги,мужские,нат. кожа,серый,15290.00,весна_2026,29546198671307-HVX1L8T47Y-XFFI-RNJP
369,2,121114,получапоги,мужские,замша,черный,8350.00,весна_2026,62393886818262-W1WOWRGUUF-SO6C-JF2B
370,2,290544,получапоги,мужские,нат. кожа,бордовый,18850.00,весна_2026,11072462855465-TSIYGMGVRR-W8LT-1DMY
371,2,402485,получапоги,мужские,нат. кожа,черный,14290.00,весна_2026,48156333311661-UJXW4W5Y7Q-ONQL-QJEO
372,2,471740,получапоги,мужские,замша,бежевый,11050.00,весна_2026,11511341924006-9BPKMVANB0-72MQ-GYOZ
373,2,567083,получапоги,мужские,эко кожа,серый,12050.00,весна_2026,45218356870779-8ZGYP7JLV5-ASC7-7JXX
374,2,586033,получапоги,мужские,нат. кожа,черный,10490.00,весна_2026,14975820165784-CZ5XGO3AW9-5QR3-WQX1
375,2,793071,получапоги,мужские,эко кожа,коричневый,12250.00,весна_2026,38900175336144-VPEGKVWMYP-TUVT-VMRJ
376,2,815238,получапоги,мужские,нат. кожа,бежевый,15290.00,весна_2026,28176387065818-QEZGV2ECUT-K5B8-09QM
377,2,827022,получапоги,мужские,замша,бордовый,12200.00,весна_2026,58360576676547-14PTXB1PYQ-8AQY-1CKJ
378,2,978635,получапоги,мужские,эко кожа,черный,11790.00,весна_2026,37598186517832-2W3CFO1DDB-OMGZ-RZ2C
379,2,128488,топсайдеры,мужские,нат. кожа,серый,10390.00,весна_2026,25723006235845-YFN63K6TCI-DCNF-XRE9
380,2,555471,топсайдеры,мужские,текстиль,бежевый,6550.00,весна_2026,58025720674294-0F6RBKPMIS-NGKL-SALZ
381,2,893286,топсайдеры,унисекс,текстиль,черный,9990.00,весна_2026,42734675799174-QKC3SMVVRH-WQ10-6SXJ
382,3,06-XXW40-24-758,ботинки,унисекс,эко кожа,коричневый,16100.00,весна_2026,40031047921208-0BEDBLISQP-VVT4-BS8B
383,3,83-FDF55-94-728,ботинки,мужские,эко кожа,коричневый,13500.00,весна_2025,02353541452752-95LX1PE7LT-DETM-A2B4
384,3,84-ZAL28-11-456,ботинки,унисекс,замша,коричневый,15900.00,весна_2026,51584265851464-L0SI1VU9YX-BQOJ-450B
385,3,86-XFW92-50-762,ботинки,унисекс,нат. кожа,бежевый,9890.00,весна_2025,49318139594793-E8VZ6O1IIH-8UR1-4CUZ
386,3,31-ZHY11-94-069,кеды,унисекс,текстиль,бежевый,8150.00,весна_2025,89837924022776-GQ5XBOD2C2-BE9N-ZNI2
387,3,37-DBN86-49-820,кеды,унисекс,текстиль,коричневый,5850.00,весна_2025,52250971989598-BWEEPD1YDH-7ARK-QMGM
388,3,40-HTU31-29-047,кеды,мужские,ткань,белый,4200.00,весна_2025,27075505974703-M2OPCQKBMW-DSYH-7HZ8
389,3,40-XMA53-81-187,кеды,унисекс,ткань,коричневый,5100.00,весна_2026,78016242955212-K5CV6QWKEJ-ZUKL-JDLR
390,3,42-WBG64-50-718,кеды,унисекс,ткань,белый,6050.00,весна_2025,20079065164119-EK3KBTBD9I-9BBL-YFVS
391,3,42-ZJX59-53-642,кеды,унисекс,ткань,черный,3790.00,весна_2026,60594974813950-3TSBSM5MBO-XF53-9XRI
392,3,58-APU59-45-877,кеды,мужские,ткань,коричневый,5690.00,весна_2025,66575629590125-BIKE6SJCQY-CWCO-1Z27
393,3,68-CQJ43-99-688,кеды,мужские,ткань,коричневый,5000.00,весна_2026,21811209936404-7O21QXPEGF-H7QA-IXQR
394,3,71-TXE20-86-242,кеды,унисекс,текстиль,белый,7100.00,весна_2026,06558142297713-CWM5LKBBB6-WWMW-31O9
395,3,75-WUS69-92-701,кеды,мужские,канвас,коричневый,4900.00,весна_2025,58472237105519-2JJJH02PFM-5DTX-W073
396,3,76-LFA71-11-267,кеды,мужские,ткань,серый,7900.00,весна_2026,72208232501177-NL7GIHBGSA-0OCH-2RK8
397,3,01-FCI97-95-584,кросовки,мужские,текстиль,бежевый,11550.00,весна_2025,42609927990263-I62I41NAQL-BY61-CBS4
398,3,07-ZRU19-32-045,кросовки,мужские,текстиль,белый,9500.00,весна_2025,84199597072071-MZ3A9H4W0H-UEJO-E0VN
399,3,10-NTN38-20-624,кросовки,мужские,текстиль,коричневый,4990.00,весна_2026,16976602115735-90KJ6GQJZF-UEM4-566W
400,3,16-CME91-75-387,кросовки,мужские,текстиль,молочный,9850.00,весна_2026,76802204522503-YIW7XB4WTJ-03QH-BWXL
401,3,29-CTN77-84-493,кросовки,мужские,текстиль,серый,5890.00,весна_2026,17393000831736-3K5X5P0TWZ-TYWC-TM67
402,3,30-DYJ43-80-636,кросовки,унисекс,ткань,оливковый,7550.00,весна_2025,82645544852596-QNYQTF6VVJ-RW5D-92CV
403,3,30-XMX87-07-897,кросовки,мужские,текстиль,черный,10050.00,весна_2026,26596717238519-4C2P9WKGQB-EYSD-6RA2
404,3,32-FKF13-82-822,кросовки,мужские,текстиль,бежевый,12390.00,весна_2026,13735230894530-3XZ7QIN6DA-B7U6-ADVV
405,3,42-OXG29-12-335,кросовки,унисекс,текстиль,бежевый,10350.00,весна_2025,58214286925444-92GG8N8ZY0-FIPH-RNB4
406,3,53-PTR49-51-882,кросовки,мужские,текстиль,бежевый,9850.00,весна_2026,17597055227403-N4UN2QLVI9-WS03-BNK9
407,3,56-ISI05-98-034,кросовки,мужские,эко кожа,серый,11390.00,весна_2026,20216335327187-LH9AB9Q8GF-ED84-ECC9
408,3,66-AIF81-03-010,кросовки,унисекс,сетчатый текстиль,белый,12790.00,весна_2026,11470756342660-XR7NRZG8MS-1LAI-N8AF
409,3,73-FSH77-31-306,кросовки,мужские,ткань,бежевый,10650.00,весна_2026,12026467483470-HT4HE52XSF-IL4A-D2U0
410,3,73-HZU15-33-325,кросовки,мужские,эко кожа,молочный,5590.00,весна_2026,60204501352751-D527X2KKM8-HXS6-L6SH
411,3,79-KFW65-75-501,кросовки,унисекс,текстиль,бежевый,4900.00,весна_2025,60300964178960-5IJHF4588B-FPQ5-9ZFU
412,3,87-CFL57-88-230,кросовки,мужские,ткань,бежевый,6190.00,весна_2026,69777275018524-KC2DW1JGKJ-83BL-K8JZ
413,3,97-OHP93-07-148,кросовки,унисекс,ткань,черный,7590.00,весна_2026,77994837390610-M3Q5157UL6-Y3S8-Z3II
414,3,16-DNT01-26-010,мокасины,мужские,нат. кожа,коричневый,12690.00,весна_2026,48973484002168-1T78DOA7W8-2FP6-T7Y1
415,3,17-ZTT03-77-701,мокасины,мужские,текстиль,черный,9550.00,весна_2026,37836779273423-9MC8CJQWB9-DIEG-D5I3
416,3,28-TDN15-90-955,мокасины,мужские,нат. кожа,серый,9550.00,весна_2026,97813341248705-CFBI51FJR6-PAYU-LPCY
417,3,41-PGD32-48-603,мокасины,унисекс,замша,молочный,6290.00,весна_2026,27953980670856-2TZMRPDV3L-UU7A-DZNE
418,3,64-MQY44-93-807,мокасины,мужские,текстиль,белый,7790.00,весна_2026,97069236515001-JP80IEN090-ZC46-4YLL
419,3,84-JVZ91-92-210,мокасины,мужские,нат. кожа,коричневый,9400.00,весна_2026,62000136434199-YWV3OO9AYT-NLEL-5M78
420,3,61-RAV39-13-199,получапоги,унисекс,нат. кожа,белый,12650.00,весна_2026,19581076056607-G7THZMUIW2-1L9O-WA95
421,3,82-IDM39-48-138,получапоги,унисекс,нат. кожа,коричневый,14500.00,весна_2025,98861387975440-DSCDSEEX1F-P8XA-2RLH
422,3,86-OQG41-21-484,получапоги,мужские,эко кожа,черный,6890.00,весна_2026,28262731204043-EBYEEMBWTB-ER35-5C8Z
423,3,87-CWN84-48-895,получапоги,унисекс,нат. кожа,белый,12890.00,весна_2025,73288359760473-VTAEEOOYPR-1FQK-5VHS
424,3,00-NVQ72-26-186,топсайдеры,унисекс,текстиль,молочный,5790.00,весна_2026,04299351640886-DRXN66LJDF-FGQU-ZFUB
425,3,32-BYY35-04-530,топсайдеры,унисекс,текстиль,бежевый,4990.00,весна_2026,44424337843252-J1B3X1H3KT-2VYG-M6OQ
426,4,321361,ботинки,мужские,нат. кожа,белый,7850.00,весна_2026,44212035139297-XS26L42PDY-VK7V-CHP4
427,4,494235,ботинки,мужские,нат. кожа,бежевый,16800.00,весна_2026,07787015652234-UP8V08FGXB-9H86-ZYOF
428,4,534278,ботинки,мужские,замша,коричневый,8800.00,весна_2026,19287815601727-IHWCG35DV2-WAK7-1BXN
429,4,619227,ботинки,мужские,замша,белый,14590.00,весна_2025,54762420163327-FPRHJ2KUOU-MIHG-Q6O4
430,4,657537,ботинки,мужские,эко кожа,белый,13750.00,весна_2026,03122672365607-XUPBYTXCGC-U3AP-5F5J
431,4,697826,ботинки,мужские,нат. кожа,молочный,14050.00,весна_2025,18503084705134-0IMGOI7L81-4J5P-6WFJ
432,4,737202,ботинки,мужские,нат. кожа,белый,14450.00,весна_2026,36377226465847-KUEKN9TRVZ-XIDQ-0L9E
433,4,755417,ботинки,мужские,замша,бежевый,6050.00,весна_2025,51826554857040-FUOSK4AP8U-GPO0-IOFZ
434,4,780698,ботинки,мужские,замша,бежевый,10790.00,весна_2026,90329310504139-L07BKK8OZI-I468-BJJS
435,4,001099,кеды,мужские,ткань,белый,4890.00,весна_2026,93613132675005-RM0VS5B9Z9-66YG-WAIX
436,4,202110,кеды,унисекс,текстиль,молочный,4650.00,весна_2026,35585371424022-YQ7VK444HH-85CE-Q8U9
437,4,235470,кеды,унисекс,канвас,коричневый,4950.00,весна_2026,86526294638281-49X4HWFMUR-MD4O-EQWE
438,4,239117,кеды,унисекс,ткань,черный,8100.00,весна_2026,36159522533183-LSRIBTFR9Z-U120-KIPV
439,4,451500,кеды,мужские,текстиль,бежевый,8590.00,весна_2026,86079054938919-83SCBZVF60-2Y2P-JSTQ
440,4,638928,кеды,унисекс,текстиль,оливковый,7400.00,весна_2026,14240929710026-N7JBA45TRA-BIBH-8OJQ
441,4,656869,кеды,мужские,ткань,белый,4590.00,весна_2025,52650610632716-2E5TILYB2H-LW6D-0KU8
442,4,677303,кеды,унисекс,текстиль,коричневый,5350.00,весна_2026,75136354723094-8903PURJAO-DLXJ-PYVG
443,4,708649,кеды,мужские,текстиль,черный,5490.00,весна_2026,51126422692555-UPF1DTQWMV-PTJI-8OFP
444,4,799904,кеды,мужские,канвас,бежевый,6800.00,весна_2025,14347659533604-R98V4PN5V8-UUYU-VALE
445,4,902016,кеды,мужские,канвас,черный,7390.00,весна_2026,77971628135698-WM99W9Q3WA-ANMG-WBK0
446,4,064597,кросовки,унисекс,ткань,белый,6250.00,весна_2026,12762078249016-RRH6ZVE9SY-1C0Z-8B0L
447,4,244736,кросовки,унисекс,ткань,хакки,8550.00,весна_2026,70989631442088-Z2E2CV32YV-HVER-0U7L
448,4,336383,кросовки,унисекс,текстиль,белый,11490.00,весна_2025,23730914067579-Z0G6MQDGLG-HE4F-ZEZ7
449,4,365793,кросовки,унисекс,текстиль,белый,10500.00,весна_2026,05954201050592-B6X17GO24U-MWEB-BUE9
450,4,400591,кросовки,мужские,ткань,молочный,8190.00,весна_2025,67749771442248-BDJX8GJCLS-ALYT-BVGL
451,4,466802,кросовки,мужские,эко кожа,серый,11990.00,весна_2025,16979609118533-G646PS0FTB-VCC1-T6E6
452,4,530139,кросовки,мужские,ткань,молочный,5550.00,весна_2026,67043740584588-L2HFOOJZ34-6YJG-N9XR
453,4,538398,кросовки,мужские,сетчатый текстиль,черный,7300.00,весна_2025,12097644526920-CEO8ABKDMC-3I1F-AYAO
454,4,566769,кросовки,мужские,сетчатый текстиль,бежевый,12650.00,весна_2026,13006181855780-EVNUGJ6GLF-3I94-P4XX
455,4,787821,кросовки,мужские,эко кожа,бежевый,11400.00,весна_2026,70120649114963-OEV8WIBDD2-AEKX-UP56
456,4,904913,кросовки,мужские,текстиль,коричневый,10150.00,весна_2026,58754831602342-5WQAZPOUBW-QHCA-WMDV
457,4,035914,мокасины,унисекс,нат. кожа,молочный,9490.00,весна_2026,88883369858054-EGTTKTZVKV-JBAE-KXHZ
458,4,333533,мокасины,мужские,нат. кожа,бежевый,9650.00,весна_2026,46043044968854-K7R94M1Z10-K6WU-CKV7
459,4,388446,мокасины,мужские,замша,серый,5900.00,весна_2026,48424685134861-EXDBI31QI5-AGWP-QEJM
460,4,014850,получапоги,мужские,нат. кожа,серый,8850.00,весна_2026,83954848626638-1AO2POK06N-NB1C-1CR0
461,4,070825,получапоги,мужские,замша,черный,17590.00,весна_2026,26221893085975-X4LP30TP7P-WDKT-7B5W
462,4,076067,получапоги,мужские,нат. кожа,коричневый,19600.00,весна_2025,16702823051493-XKEKYO9HWD-N1FS-R4A0
463,4,181501,получапоги,мужские,нат. кожа,белый,18790.00,весна_2026,60191957183854-G8N8LEHF2B-47XZ-5C2P
464,4,313155,получапоги,мужские,замша,бежевый,17790.00,весна_2026,94382426008370-MJA0SYCBE4-B3VX-2Z46
465,4,368527,получапоги,мужские,нат. кожа,серый,19150.00,весна_2025,59090351068112-HIX5NNPI7P-NC5H-FCEV
466,4,426204,получапоги,мужские,эко кожа,коричневый,7000.00,весна_2026,96075418109514-1YVX1NV3DJ-A7TZ-VC44
467,4,435169,получапоги,мужские,нат. кожа,молочный,19600.00,весна_2026,62986922247321-ZD0304A82U-STYD-B487
468,4,700876,получапоги,унисекс,нат. кожа,черный,14190.00,весна_2025,65564407840088-EE76S1INMI-G0W7-I0IO
469,4,751500,получапоги,мужские,нат. кожа,коричневый,13790.00,весна_2025,69993528889434-1JC9G1OPKF-VG6T-3Z6M
470,4,755154,получапоги,мужские,замша,бежевый,11450.00,весна_2026,54813307684443-ZGAEUQKZ72-O5H5-RUBN
471,4,850925,получапоги,мужские,замша,серый,18900.00,весна_2026,29764927916826-JHT2S15L5X-1F3O-V7BV
472,4,878184,получапоги,мужские,нат. кожа,молочный,16000.00,весна_2026,27477299644357-8VI9ZCOSHT-3UMM-73N7
473,4,936414,получапоги,унисекс,нат. кожа,коричневый,17350.00,весна_2025,75194992038138-OZTO30ZHFH-IC3I-DJ0Y
474,4,025523,топсайдеры,мужские,нат. кожа,бежевый,7390.00,весна_2026,42857965649796-91GE3EAL3B-S8EL-US7A
475,4,069566,топсайдеры,унисекс,замша,черный,12950.00,весна_2026,71907612711988-DC2EHZNKEJ-ZTOY-J0O6
476,4,152547,топсайдеры,мужские,текстиль,бежевый,12090.00,весна_2026,66353632632209-U7P2M3TIW0-QY3W-503L
477,4,742584,топсайдеры,унисекс,текстиль,серый,10290.00,весна_2026,09347446985196-0PDJ85DW6M-64FC-R7Q0
